name,buyer,pain,trigger,wedge,why_it_works,monetization_model,build_difficulty,distribution_path,category
SauceStack,First-time hot sauce entrepreneurs,State-by-state cottage food confusion plus labeling and co-packer uncertainty,Moving from hobby batches to public selling,Compliance navigator plus label requirement checker,Clear buyer urgent trigger and obvious willingness to pay,Subscription or paid checklist/setup,Low,Community plus search plus direct outreach,Compliance
CraftLedger,Leather crafters and commission-based makers,Underpricing labor weak quoting and poor materials tracking,Quoting custom work or realizing margins are fake,Project costing and pricing calculator,Small pricing improvements create immediate ROI,Subscription or one-time tool,Low,Community plus creator channels,Margin and Tracking
FlipTrack,Part-time and full-time resellers,Inventory chaos tax panic and unclear profit by platform,Tax season or multi-platform sprawl,Cross-platform inventory plus tax-ready export,Recurring pain and measurable value,Subscription,Low,Community plus search plus reseller creators,Margin and Tracking
HiveStack,Sideline beekeepers and small commercial operators,Colony loss treatment timing and weak profitability tracking,Seasonal planning or costly colony loss,Hive log plus treatment scheduler plus economics tracker,One avoided mistake can repay the product quickly,Subscription,Medium,Community plus associations plus search,Workflow
Building Permit Cross-Sell Intelligence,Roofers solar installers remodelers and home-service operators,Poor visibility into new jobs at the right time,New permit filing by geography and trade,Permit-triggered lead alerts by trade and geography,Timing value is easy to explain and sell,Subscription or lead gen,Low,Direct outreach plus local search plus trigger-based sales,Lead Gen
Liquor License Opening Alerts,Restaurant vendors equipment suppliers POS sellers and insurers,Missing the earliest buying window for new operators,License approval or filing,License approval alert feed,Permits and approvals often precede heavy spending,Subscription or lead gen,Low,Direct outreach plus trigger-based sales,Lead Gen
Wage Theft Employer Database,Workers attorneys researchers and reputation-sensitive employers,Labor violation data is hard to search and interpret,Job search litigation research or employer due diligence,Searchable employer violation database with alerts and summaries,Strong search intent and multiple monetization paths,Ads lead gen subscription,Medium,Search plus legal and labor communities,Searchable Intelligence
CFPB Complaint Intelligence,Consumers analysts financial marketers and reputation operators,Complaint data is difficult to interpret at decision level,Product comparison or reputation event,Searchable complaint trends and reputation monitoring,Clear data source search behavior and downstream value,Ads subscription lead gen,Medium,Search plus finance audiences,Searchable Intelligence
Federal Contracting Opportunity Engine,Government contractors consultants and capture teams,Incumbent tools are expensive and government interfaces are painful,New solicitations or procurement changes,Better filtering search and alerting around solicitations,Clear spend ugly experience and high value per win,Subscription,Medium,Search plus outbound plus gov communities,Lead Gen
Restaurant Inspection Crisis Alerts,Restaurant operators consultants and reputation managers,Inspection failures become public quickly and damage revenue,New failing grade or critical violation,Alerting plus rapid-response checklist,Clear trigger urgency and downstream spend,Subscription service lead gen,Low,Direct outreach plus local search,Compliance
Contractor License Violation Monitor,Contractors insurers sureties and compliance service providers,Disciplinary actions and licensing lapses are hard to track,New board action or lapse,Monitoring plus alerting plus referral hooks,Timing matters and delay is expensive,Lead gen subscription,Medium,Direct outreach plus trigger-based sales,Compliance
Small-Batch Production Tracker,Artisan food and handmade-goods producers,Spreadsheet-heavy batch logs poor traceability and weak costing discipline,Scaling production beyond memory and notebooks,Batch management for one production type first,Operational consistency is painful enough to monetize,Subscription,Medium,Community plus niche creators plus search,Margin and Tracking
Artisan Supplier Intelligence Directory,Makers and small-batch producers,Supplier quality lead time price and trust are fragmented and anecdotal,Sourcing a new supplier or preparing to scale,Searchable vetted supplier database by niche,Repeat use community trust and adjacent monetization,Subscription affiliate directory fees,Medium,Search plus communities plus partnerships,Searchable Intelligence
UCC Filing Lead Intelligence,Insurers lenders equipment vendors and service providers,Poor visibility into businesses that just financed assets,New financing event or filing,Newly financed business trigger intelligence,Financing events create intent-rich lead windows,Lead gen subscription,Medium,Outbound plus trigger-based sales,Lead Gen
Compliance Launch Planner,Niche operators moving from hobby to business in regulated categories,No structured path across entity setup compliance pricing and first sales,Decision to go legit or sell publicly,Vertical-specific launch planner with templates and state guidance,The buyer trigger is obvious and emotionally charged,Info product subscription service,Low,Community plus search plus direct outreach,Compliance
